"ID","Description","setSize","enrichmentScore","NES","pvalue","p.adjust","qvalues","rank","leading_edge","core_enrichment"
"GO:0006096","glycolytic process",27,0.746151934754139,2.18993185331472,2.37776820511841e-06,0.00296450517673099,0.00288662478430005,2144,"tags=48%, list=15%, signal=41%","PFKL/LOC113982296/OGDH/PKM/GPI/DHTKD1/ALDOC/PGAM1/PFKFB2/ENO2/ENO1/PGK1/GAPDH"
"GO:0007156","homophilic cell adhesion via
plasma membrane adhesion molecules",107,-0.522504888981322,-1.97231999454907,2.52513217779471e-06,0.00296450517673099,0.00288662478430005,2940,"tags=36%, list=20%, signal=29%","CDH22/PCDH20/CDH11/HMCN1/VSTM2L/PTPRM/LOC113988371/PCDH15/NEXN/LOC113999997/CDHR1/CADM3/PCDH10/CNTN6/LOC113993340/CADM1/PCDH17/IGSF11/CLSTN2/LOC113984508/AMIGO1/NECTIN3/PCDH19/CDH12/CDH20/OBSL1/LOC113991389/CDH4/LOC113991387/NECTIN1/LOC113986531/AMIGO2/BSG/LOC113993328/LOC113991388/ROBO1/CDH2/LOC113991386"
"GO:0071470","cellular response to osmotic stress",13,-0.822774587946329,-2.03211152113463,6.82854417712422e-05,0.0403758523917019,0.0393151400496622,1931,"tags=54%, list=13%, signal=47%","LOC113991484/LOC113991483/ZFAND1/LOC113991485/LOC113991486/LOC113991487/LOC113991482"
"GO:0061621","canonical glycolysis",24,0.701736549813773,2.00899394996766,9.19334940353461e-05,0.0403758523917019,0.0393151400496622,2144,"tags=42%, list=15%, signal=36%","PFKL/LOC113982296/PKM/GPI/ALDOC/PGAM1/ENO2/ENO1/PGK1/GAPDH"
"GO:0002230","positive regulation of defense
response to virus by host",15,-0.788267147666472,-2.00996313428921,9.20980482115886e-05,0.0403758523917019,0.0393151400496622,828,"tags=40%, list=6%, signal=38%","MAVS/HSP90AA1/PARP9/DTX3L/STAT1/EIF2AK4"
"GO:0045776","negative regulation of blood pressure",17,-0.768337610081018,-2.00410728923073,0.00010317509129055,0.0403758523917019,0.0393151400496622,1264,"tags=35%, list=9%, signal=32%","VEGFC/LOC113986212/PPARA/NOS2/MKKS/DRD5"
