"ID","Description","setSize","enrichmentScore","NES","pvalue","p.adjust","qvalues","rank","leading_edge","core_enrichment"
"GO:0042026","protein refolding",16,-0.832739044517808,-2.14954816936959,9.33490269540484e-06,0.0148562513396031,0.0145734057682164,1363,"tags=69%, list=9%, signal=63%","DNAJB2/B2M/FKBP1B/HSPD1/HSPA5/LOC113982131/HSPA8/LOC113999219/DNAJA4/HSP90AA1/HSPA2"
"GO:0051899","membrane depolarization",27,0.735137864278749,2.16017714278594,1.2843888439411e-05,0.0148562513396031,0.0145734057682164,1615,"tags=30%, list=11%, signal=27%","LOC113986459/LOC113988585/LOC113986458/P2RX4/LOC113986457/LOC113993166/CACNG4/LOC113991446"
"GO:0086014","atrial cardiac muscle cell
action potential",13,0.839663005906013,2.04517073293403,1.86168563152921e-05,0.0148562513396031,0.0145734057682164,1615,"tags=46%, list=11%, signal=41%","LOC113986459/LOC113988585/LOC113986458/LOC113986457/NUP155/LOC113991446"
"GO:0019228","neuronal action potential",22,0.738610090730849,2.07769325356849,5.73927606969804e-05,0.0343495672771428,0.0336955918723588,1775,"tags=36%, list=12%, signal=32%","LOC113986459/LOC113988585/LOC113986458/P2RX4/LOC113986457/GRIK2/LOC113991446/CACNA1I"
"GO:0036159","inner dynein arm assembly",15,0.801865620313711,2.03148582938764,7.97282648207166e-05,0.0381738931961591,0.0374471071189513,1821,"tags=60%, list=12%, signal=53%","DNAH12/LOC113981955/CCDC39/CCDC40/DNAAF1/DNAAF4/LRRC6/LOC113992279/DNAH1"
"GO:0060307","regulation of ventricular cardiac
muscle cell membrane repolarization",20,0.752606184077578,2.08279406796108,0.000105883678329201,0.0422475876533512,0.0414432432197276,1769,"tags=35%, list=12%, signal=31%","LOC113986459/LOC113988585/LOC113986458/LOC113986457/KCNE4/LOC113991446/KCNE3"
