"ID","Description","setSize","enrichmentScore","NES","pvalue","p.adjust","qvalues","rank","leading_edge","core_enrichment"
"GO:0042026","protein refolding",16,-0.834193929104776,-2.16252123592119,4.44791060711767e-06,0.00995461039848657,0.00970008165532168,1275,"tags=69%, list=9%, signal=63%","DNAJB2/B2M/FKBP1B/HSPD1/HSPA5/LOC113982131/HSPA8/LOC113999219/DNAJA4/HSP90AA1/HSPA2"
"GO:0051899","membrane depolarization",27,0.735699921036892,2.19990701356789,8.30935759473002e-06,0.00995461039848657,0.00970008165532168,1527,"tags=30%, list=11%, signal=27%","LOC113986459/LOC113988585/LOC113986458/P2RX4/LOC113986457/LOC113993166/CACNG4/LOC113991446"
"GO:0003360","brainstem development",11,0.850903788595835,1.96004676329841,4.64451416375059e-05,0.0267652896829515,0.0260809298465805,897,"tags=45%, list=6%, signal=43%","LOC113986459/LOC113988585/LOC113986458/SMAD4/LOC113986457"
"GO:0019228","neuronal action potential",22,0.739316474854016,2.08491627216547,5.076166724463e-05,0.0267652896829515,0.0260809298465805,1677,"tags=36%, list=12%, signal=32%","LOC113986459/LOC113988585/LOC113986458/P2RX4/LOC113986457/GRIK2/LOC113991446/CACNA1I"
"GO:0036159","inner dynein arm assembly",15,0.802767491287836,1.99612212703156,5.58541103567436e-05,0.0267652896829515,0.0260809298465805,1718,"tags=60%, list=12%, signal=53%","DNAH12/LOC113981955/CCDC39/CCDC40/DNAAF1/DNAAF4/LRRC6/LOC113992279/DNAH1"
"GO:0086014","atrial cardiac muscle cell action potential",13,0.840222758320921,2.05201273640674,0.000102965692188341,0.0411176330805443,0.0400662991708318,1527,"tags=46%, list=11%, signal=41%","LOC113986459/LOC113988585/LOC113986458/LOC113986457/NUP155/LOC113991446"
